Ticker,Category,Exchange,Asset_Class
AAAU,Precious Metals,US Listing,Commodity
GBIL,Fixed Income / Treasury,US Listing,Fixed Income
GBND,Other,US Listing,Equity
GCAL,Other,US Listing,Equity
GCOR,Other,US Listing,Equity
GEMD,Other,US Listing,Equity
GHYB,Other,US Listing,Equity
GIGB,Other,US Listing,Equity
GIGL,Other,US Listing,Equity
GIND,Other,US Listing,Equity
GINN,Other,US Listing,Equity
GMNY,Other,US Listing,Equity
GMUB,Other,US Listing,Equity
GMUN,Other,US Listing,Equity
GPIQ,Other,US Listing,Equity
GPIX,Other,US Listing,Equity
GPRF,Other,US Listing,Equity
GSC,Other,US Listing,Equity
GSEU,Other,US Listing,Equity
GSEW,Other,US Listing,Equity
GSID,Other,US Listing,Equity
GSIE,Other,US Listing,Equity
GSIG,Other,US Listing,Equity
GSJY,Other,US Listing,Equity
GSLC,Other,US Listing,Equity
GSSC,Other,US Listing,Equity
GSST,Other,US Listing,Equity
GSUS,Other,US Listing,Equity
GSWO,Other,US Listing,Equity
GTEK,Other,US Listing,Equity
GTIP,Other,US Listing,Equity
GTPE,Other,US Listing,Equity
GUMI,Other,US Listing,Equity
GUSA,Other,US Listing,Equity
GUSE,Other,US Listing,Equity
GVIP,Other,US Listing,Equity
GVLE,Other,US Listing,Equity
GVUS,Other,US Listing,Equity
GXUS,Other,US Listing,Equity
JUST,Other,US Listing,Equity
BJAN,Defined Outcome / Buffer ETF,US Listing,Equity
BFEB,Defined Outcome / Buffer ETF,US Listing,Equity
BMAR,Defined Outcome / Buffer ETF,US Listing,Equity
BAPR,Defined Outcome / Buffer ETF,US Listing,Equity
BMAY,Defined Outcome / Buffer ETF,US Listing,Equity
BJUN,Defined Outcome / Buffer ETF,US Listing,Equity
BJUL,Defined Outcome / Buffer ETF,US Listing,Equity
BAUG,Defined Outcome / Buffer ETF,US Listing,Equity
BSEP,Defined Outcome / Buffer ETF,US Listing,Equity
BOCT,Defined Outcome / Buffer ETF,US Listing,Equity
BNOV,Defined Outcome / Buffer ETF,US Listing,Equity
BDEC,Defined Outcome / Buffer ETF,US Listing,Equity
PJAN,Defined Outcome / Buffer ETF,US Listing,Equity
PFEB,Defined Outcome / Buffer ETF,US Listing,Equity
PMAR,Defined Outcome / Buffer ETF,US Listing,Equity
PAPR,Defined Outcome / Buffer ETF,US Listing,Equity
PSEP,Defined Outcome / Buffer ETF,US Listing,Equity
POCT,Defined Outcome / Buffer ETF,US Listing,Equity
PNOV,Defined Outcome / Buffer ETF,US Listing,Equity
PDEC,Defined Outcome / Buffer ETF,US Listing,Equity
UJAN,Defined Outcome / Buffer ETF,US Listing,Equity
UFEB,Defined Outcome / Buffer ETF,US Listing,Equity
UMAR,Defined Outcome / Buffer ETF,US Listing,Equity
UAPR,Defined Outcome / Buffer ETF,US Listing,Equity
UMAY,Defined Outcome / Buffer ETF,US Listing,Equity
UJUN,Defined Outcome / Buffer ETF,US Listing,Equity
UJUL,Defined Outcome / Buffer ETF,US Listing,Equity
UAUG,Defined Outcome / Buffer ETF,US Listing,Equity
USEP,Defined Outcome / Buffer ETF,US Listing,Equity
UOCT,Defined Outcome / Buffer ETF,US Listing,Equity
UNOV,Defined Outcome / Buffer ETF,US Listing,Equity
UDEC,Defined Outcome / Buffer ETF,US Listing,Equity
NJAN,Defined Outcome / Buffer ETF,US Listing,Equity
NFEB,Defined Outcome / Buffer ETF,US Listing,Equity
NMAR,Defined Outcome / Buffer ETF,US Listing,Equity
NAPR,Defined Outcome / Buffer ETF,US Listing,Equity
NMAY,Defined Outcome / Buffer ETF,US Listing,Equity
NJUN,Defined Outcome / Buffer ETF,US Listing,Equity
NJUL,Defined Outcome / Buffer ETF,US Listing,Equity
NAUG,Defined Outcome / Buffer ETF,US Listing,Equity
NSEP,Defined Outcome / Buffer ETF,US Listing,Equity
NOCT,Defined Outcome / Buffer ETF,US Listing,Equity
NNOV,Defined Outcome / Buffer ETF,US Listing,Equity
NDEC,Defined Outcome / Buffer ETF,US Listing,Equity
KJAN,Defined Outcome / Buffer ETF,US Listing,Equity
KFEB,Defined Outcome / Buffer ETF,US Listing,Equity
KMAR,Defined Outcome / Buffer ETF,US Listing,Equity
KAPR,Defined Outcome / Buffer ETF,US Listing,Equity
KMAY,Defined Outcome / Buffer ETF,US Listing,Equity
KJUN,Defined Outcome / Buffer ETF,US Listing,Equity
KJUL,Defined Outcome / Buffer ETF,US Listing,Equity
KAUG,Defined Outcome / Buffer ETF,US Listing,Equity
KSEP,Defined Outcome / Buffer ETF,US Listing,Equity
KOCT,Defined Outcome / Buffer ETF,US Listing,Equity
KNOV,Defined Outcome / Buffer ETF,US Listing,Equity
KDEC,Defined Outcome / Buffer ETF,US Listing,Equity
IJAN,Defined Outcome / Buffer ETF,US Listing,Equity
IFEB,Defined Outcome / Buffer ETF,US Listing,Equity
IMAR,Defined Outcome / Buffer ETF,US Listing,Equity
IAPR,Defined Outcome / Buffer ETF,US Listing,Equity
IMAY,Defined Outcome / Buffer ETF,US Listing,Equity
IJUN,Defined Outcome / Buffer ETF,US Listing,Equity
IJUL,Defined Outcome / Buffer ETF,US Listing,Equity
IAUG,Defined Outcome / Buffer ETF,US Listing,Equity
ISEP,Defined Outcome / Buffer ETF,US Listing,Equity
IOCT,Defined Outcome / Buffer ETF,US Listing,Equity
INOV,Defined Outcome / Buffer ETF,US Listing,Equity
IDEC,Defined Outcome / Buffer ETF,US Listing,Equity
EJAN,Defined Outcome / Buffer ETF,US Listing,Equity
EAPR,Defined Outcome / Buffer ETF,US Listing,Equity
EJUL,Defined Outcome / Buffer ETF,US Listing,Equity
EOCT,Defined Outcome / Buffer ETF,US Listing,Equity
BALT,Other,US Listing,Equity
EALT,Other,US Listing,Equity
ZALT,Other,US Listing,Equity
QBUF,Other,US Listing,Equity
RBUF,Other,US Listing,Equity
IBUF,Other,US Listing,Equity
EBUF,Other,US Listing,Equity
JAJL,Other,US Listing,Equity
APOC,Other,US Listing,Equity
ZJAN,Defined Outcome / Buffer ETF,US Listing,Equity
ZFEB,Defined Outcome / Buffer ETF,US Listing,Equity
ZMAR,Defined Outcome / Buffer ETF,US Listing,Equity
ZAPR,Defined Outcome / Buffer ETF,US Listing,Equity
ZMAY,Defined Outcome / Buffer ETF,US Listing,Equity
ZJUN,Defined Outcome / Buffer ETF,US Listing,Equity
ZJUL,Defined Outcome / Buffer ETF,US Listing,Equity
ZAUG,Defined Outcome / Buffer ETF,US Listing,Equity
ZSEP,Defined Outcome / Buffer ETF,US Listing,Equity
ZOCT,Defined Outcome / Buffer ETF,US Listing,Equity
ZNOV,Defined Outcome / Buffer ETF,US Listing,Equity
ZDEK,Other,US Listing,Equity
AJAN,Defined Outcome / Buffer ETF,US Listing,Equity
AAPR,Other,US Listing,Equity
AJUL,Other,US Listing,Equity
AOCT,Other,US Listing,Equity
TJAN,Defined Outcome / Buffer ETF,US Listing,Equity
TAPR,Other,US Listing,Equity
TJUL,Other,US Listing,Equity
TOCT,Other,US Listing,Equity
DDSQ,Other,US Listing,Equity
DDNQ,Other,US Listing,Equity
DDTL,Other,US Listing,Equity
DDTS,Other,US Listing,Equity
DDTO,Other,US Listing,Equity
DDTN,Other,US Listing,Equity
DDTD,Other,US Listing,Equity
DDTJ,Other,US Listing,Equity
DDTF,Other,US Listing,Equity
DDFL,Other,US Listing,Equity
DDFS,Other,US Listing,Equity
DDFO,Other,US Listing,Equity
DDFN,Other,US Listing,Equity
DDFD,Other,US Listing,Equity
DDFJ,Other,US Listing,Equity
DDFF,Other,US Listing,Equity
LJAN,Defined Outcome / Buffer ETF,US Listing,Equity
LAPR,Other,US Listing,Equity
LJUL,Other,US Listing,Equity
LOCT,Other,US Listing,Equity
JANH,Other,US Listing,Equity
JANJ,Other,US Listing,Equity
APRH,Other,US Listing,Equity
APRJ,Other,US Listing,Equity
JULH,Other,US Listing,Equity
JULJ,Other,US Listing,Equity
OCTH,Other,US Listing,Equity
OCTJ,Other,US Listing,Equity
QTJA,Other,US Listing,Equity
QTAP,Other,US Listing,Equity
QTJL,Other,US Listing,Equity
QTOC,Other,US Listing,Equity
XBJA,Other,US Listing,Equity
XBAP,Other,US Listing,Equity
XBJL,Other,US Listing,Equity
XBOC,Other,US Listing,Equity
XTJA,Other,US Listing,Equity
XTAP,Other,US Listing,Equity
XTJL,Other,US Listing,Equity
XTOC,Other,US Listing,Equity
XDSQ,Other,US Listing,Equity
XDQQ,Other,US Listing,Equity
SFLR,Other,US Listing,Equity
QFLR,Other,US Listing,Equity
RFLR,Other,US Listing,Equity
IFLR,Other,US Listing,Equity
BFRZ,Other,US Listing,Equity
BUFB,Other,US Listing,Equity
BUFF,Other,US Listing,Equity
BSTP,Other,US Listing,Equity
PSTP,Other,US Listing,Equity
QHDG,Other,US Listing,Equity
ACEI,Other,US Listing,Equity
ACII,Other,US Listing,Equity
SPUT,Other,US Listing,Equity
EPRF,Other,US Listing,Equity
TFJL,Other,US Listing,Equity
TBJL,Other,US Listing,Equity
XUSP,Other,US Listing,Equity
QBF,Other,US Listing,Equity
LOUP,Other,US Listing,Equity
IGTR,Other,US Listing,Equity
XBFR,Other,US Listing,Equity
ACWI,International Equity,US Listing,Equity
ACWX,International Equity,US Listing,Equity
AGG,Fixed Income / Treasury,US Listing,Fixed Income
AIQ,Other,US Listing,Equity
AOA,Other,US Listing,Equity
ARKB,Bitcoin Spot,US Listing,Equity
ASHR,Other,US Listing,Equity
ASHS,Other,US Listing,Equity
BBC,Other,US Listing,Equity
BBCA,Other,US Listing,Equity
BBEU,Other,US Listing,Equity
BBJP,Other,US Listing,Equity
BIL,Fixed Income / Treasury,US Listing,Fixed Income
BINV,Other,US Listing,Equity
BITB,Bitcoin Spot,US Listing,Equity
BLDG,Other,US Listing,Equity
BLV,Other,US Listing,Equity
BND,Fixed Income / Treasury,US Listing,Fixed Income
BNDX,Other,US Listing,Equity
BNO,Other,US Listing,Equity
BOND,Other,US Listing,Equity
BRRR,Bitcoin Spot,US Listing,Equity
BSMC,Other,US Listing,Equity
BSV,Other,US Listing,Equity
BTC,Bitcoin Spot,US Listing,Equity
BTCO,Other,US Listing,Equity
BTCW,Bitcoin Spot,US Listing,Equity
BUSA,Other,US Listing,Equity
CANE,Other,US Listing,Equity
CORN,Other,US Listing,Equity
CPER,Other,US Listing,Equity
DAPR,Other,US Listing,Equity
DBA,Other,US Listing,Equity
DBEF,Other,US Listing,Equity
DBEU,Other,US Listing,Equity
DBJP,Other,US Listing,Equity
DBO,Other,US Listing,Equity
DEFI,Other,US Listing,Equity
DEM,Other,US Listing,Equity
DFAT,Other,US Listing,Equity
DFAX,Other,US Listing,Equity
DFIV,Other,US Listing,Equity
DFSI,Other,US Listing,Equity
DFUS,Other,US Listing,Equity
DFUV,Other,US Listing,Equity
DGRO,Other,US Listing,Equity
DVY,Other,US Listing,Equity
DWM,Other,US Listing,Equity
DWX,Other,US Listing,Equity
DXJ,Other,US Listing,Equity
EASG,Other,US Listing,Equity
EEM,International Equity,US Listing,Equity
EEMV,Other,US Listing,Equity
EFA,Other,US Listing,Equity
EFAV,Other,US Listing,Equity
EFV,Other,US Listing,Equity
EMB,Other,US Listing,Equity
EMLC,Other,US Listing,Equity
ESGD,Other,US Listing,Equity
ESGU,Other,US Listing,Equity
ESML,Other,US Listing,Equity
ETH,Ethereum Spot,US Listing,Equity
ETHA,Ethereum Spot,US Listing,Equity
ETHE,Ethereum Spot,US Listing,Equity
ETHV,Ethereum Spot,US Listing,Equity
ETHW,Ethereum Spot,US Listing,Equity
EWC,Other,US Listing,Equity
EWJ,Other,US Listing,Equity
EZBC,Bitcoin Spot,US Listing,Equity
EZET,Ethereum Spot,US Listing,Equity
EZU,Other,US Listing,Equity
FBTC,Bitcoin Spot,US Listing,Equity
FENI,Other,US Listing,Equity
FETH,Ethereum Spot,US Listing,Equity
FEZ,Other,US Listing,Equity
FIW,Other,US Listing,Equity
FLIN,Other,US Listing,Equity
FNDE,Other,US Listing,Equity
FNDF,Other,US Listing,Equity
FTSL,Other,US Listing,Equity
GAA,Other,US Listing,Equity
GBTC,Bitcoin Spot,US Listing,Equity
GLD,Precious Metals,US Listing,Commodity
GLIN,Other,US Listing,Equity
GOVT,Other,US Listing,Equity
GSG,Other,US Listing,Equity
HEDJ,Other,US Listing,Equity
HEFA,Other,US Listing,Equity
HEWJ,Other,US Listing,Equity
HEZU,Other,US Listing,Equity
HODL,Bitcoin Spot,US Listing,Equity
HYD,Other,US Listing,Equity
HYG,Other,US Listing,Equity
HYMB,Other,US Listing,Equity
HYS,Other,US Listing,Equity
IAU,Precious Metals,US Listing,Commodity
IAUM,Other,US Listing,Equity
IBIT,Bitcoin Spot,US Listing,Equity
IDEV,Other,US Listing,Equity
IDV,Other,US Listing,Equity
IEF,Fixed Income / Treasury,US Listing,Fixed Income
IEFA,Other,US Listing,Equity
IEI,Other,US Listing,Equity
IEMG,International Equity,US Listing,Equity
IEUR,Other,US Listing,Equity
IEV,Other,US Listing,Equity
IGIB,Other,US Listing,Equity
IHDG,Other,US Listing,Equity
IJH,Other,US Listing,Equity
IJJ,Other,US Listing,Equity
IJK,Other,US Listing,Equity
IJR,US Mid/Small / Factor,US Listing,Equity
IJS,Other,US Listing,Equity
IJT,Other,US Listing,Equity
ILTB,Other,US Listing,Equity
IMCG,Other,US Listing,Equity
INDA,Other,US Listing,Equity
IQLT,Other,US Listing,Equity
ISTB,Other,US Listing,Equity
ITOT,Broad Market / Large Cap,US Listing,Equity
IUSB,Other,US Listing,Equity
IUSV,Other,US Listing,Equity
IVE,Other,US Listing,Equity
IVOL,Other,US Listing,Equity
IVOO,Other,US Listing,Equity
IVV,Broad Market / Large Cap,US Listing,Equity
IWB,Other,US Listing,Equity
IWC,Other,US Listing,Equity
IWD,Other,US Listing,Equity
IWM,US Mid/Small / Factor,US Listing,Equity
IWN,Other,US Listing,Equity
IWO,Other,US Listing,Equity
IWP,Other,US Listing,Equity
IWR,Other,US Listing,Equity
IWS,Other,US Listing,Equity
IWV,Other,US Listing,Equity
IXUS,International Equity,US Listing,Equity
IYY,Other,US Listing,Equity
JAAA,Other,US Listing,Equity
JBBB,Other,US Listing,Equity
JEPI,Other,US Listing,Equity
JEPQ,Other,US Listing,Equity
JNK,Other,US Listing,Equity
JPST,Other,US Listing,Equity
JPXN,Other,US Listing,Equity
KBE,Other,US Listing,Equity
KRE,Other,US Listing,Equity
LEMB,Other,US Listing,Equity
LQD,Other,US Listing,Equity
MBB,Other,US Listing,Equity
MBWO,Other,US Listing,Equity
MDY,Other,US Listing,Equity
MUB,Other,US Listing,Equity
MUNY,Other,US Listing,Equity
NFTY,Other,US Listing,Equity
NOBL,Other,US Listing,Equity
NYF,Other,US Listing,Equity
OPPE,Other,US Listing,Equity
PALL,Precious Metals,US Listing,Commodity
PBD,Other,US Listing,Equity
PBW,Other,US Listing,Equity
PCY,Other,US Listing,Equity
PEY,Other,US Listing,Equity
PFF,Other,US Listing,Equity
PGX,Other,US Listing,Equity
PID,Other,US Listing,Equity
PPLT,Precious Metals,US Listing,Commodity
PRF,Other,US Listing,Equity
QETH,Ethereum Spot,US Listing,Equity
QQQ,Broad Market / Large Cap,US Listing,Equity
QQQM,Broad Market / Large Cap,US Listing,Equity
QUAL,Other,US Listing,Equity
RSP,Other,US Listing,Equity
RSPR,Other,US Listing,Equity
RSPS,Other,US Listing,Equity
RUT,Other,US Listing,Equity
RWJ,Other,US Listing,Equity
RWK,Other,US Listing,Equity
RWL,Other,US Listing,Equity
SCHA,Other,US Listing,Equity
SCHB,Other,US Listing,Equity
SCHD,Other,US Listing,Equity
SCHE,Other,US Listing,Equity
SCHF,Other,US Listing,Equity
SCHM,Other,US Listing,Equity
SCHO,Other,US Listing,Equity
SCHP,Other,US Listing,Equity
SCHR,Other,US Listing,Equity
SCHV,Other,US Listing,Equity
SCHX,Other,US Listing,Equity
SCHZ,Other,US Listing,Equity
SCZ,Other,US Listing,Equity
SDIV,Other,US Listing,Equity
SDY,Other,US Listing,Equity
SGOV,Fixed Income / Treasury,US Listing,Fixed Income
SH,Other,US Listing,Equity
SHM,Other,US Listing,Equity
SHV,Other,US Listing,Equity
SHY,Fixed Income / Treasury,US Listing,Fixed Income
SJNK,Other,US Listing,Equity
SLV,Precious Metals,US Listing,Commodity
SOYB,Other,US Listing,Equity
SPEM,Other,US Listing,Equity
SPHD,Other,US Listing,Equity
SPHY,Other,US Listing,Equity
SPIB,Other,US Listing,Equity
SPTL,Other,US Listing,Equity
SPTS,Other,US Listing,Equity
SPY,Broad Market / Large Cap,US Listing,Equity
SPYD,Other,US Listing,Equity
SPYM,Other,US Listing,Equity
SPYV,Other,US Listing,Equity
SRLN,Other,US Listing,Equity
STIP,Other,US Listing,Equity
SUB,Other,US Listing,Equity
SUSA,Other,US Listing,Equity
TAGS,Other,US Listing,Equity
TETH,Ethereum Spot,US Listing,Equity
TFI,Other,US Listing,Equity
TIP,Other,US Listing,Equity
TLT,Fixed Income / Treasury,US Listing,Fixed Income
TMDV,Other,US Listing,Equity
TRTY,Other,US Listing,Equity
UGA,Other,US Listing,Equity
UNG,Other,US Listing,Equity
USFR,Other,US Listing,Equity
USHY,Other,US Listing,Equity
USL,Other,US Listing,Equity
USMV,Other,US Listing,Equity
USO,Other,US Listing,Equity
VB,US Mid/Small / Factor,US Listing,Equity
VBK,US Mid/Small / Factor,US Listing,Equity
VBR,US Mid/Small / Factor,US Listing,Equity
VCIT,Other,US Listing,Equity
VCLT,Other,US Listing,Equity
VCSH,Other,US Listing,Equity
VEA,International Equity,US Listing,Equity
VEU,International Equity,US Listing,Equity
VGIT,Fixed Income / Treasury,US Listing,Fixed Income
VGK,Other,US Listing,Equity
VGSH,Fixed Income / Treasury,US Listing,Fixed Income
VIG,Other,US Listing,Equity
VIOG,Other,US Listing,Equity
VIXY,Other,US Listing,Equity
VLUE,Other,US Listing,Equity
VNQI,Other,US Listing,Equity
VO,US Mid/Small / Factor,US Listing,Equity
VOE,Other,US Listing,Equity
VONE,Other,US Listing,Equity
VONV,Other,US Listing,Equity
VOO,Broad Market / Large Cap,US Listing,Equity
VOOV,Other,US Listing,Equity
VOT,Other,US Listing,Equity
VPL,Other,US Listing,Equity
VSS,Other,US Listing,Equity
VT,Other,US Listing,Equity
VTEB,Other,US Listing,Equity
VTHR,Other,US Listing,Equity
VTI,Broad Market / Large Cap,US Listing,Equity
VTIP,Other,US Listing,Equity
VTV,US Mid/Small / Factor,US Listing,Equity
VTWO,Other,US Listing,Equity
VVV,Other,US Listing,Equity
VWO,International Equity,US Listing,Equity
VWOB,Other,US Listing,Equity
VXF,Other,US Listing,Equity
VXUS,International Equity,US Listing,Equity
VXX,Other,US Listing,Equity
VYM,Other,US Listing,Equity
VYMI,Other,US Listing,Equity
WEAT,Other,US Listing,Equity
XBI,Other,US Listing,Equity
XOP,Other,US Listing,Equity
XRT,Other,US Listing,Equity
XSD,Other,US Listing,Equity
XSP,Other,US Listing,Equity
XYLD,Other,US Listing,Equity
ZROZ,Other,US Listing,Equity